User Input,Agent Response,Prediction Time (seconds),Timestamp
who win fifa world cup in 14,Germany ,8.39,2024-08-28 12:51:36
who win fifa world cup in 18,France ,7.64,2024-08-28 12:52:10
formula of pythagoras theorem,"The formula for the Pythagorean theorem is a² + b² = c², where 'a' and 'b' are the lengths of the two shorter sides of a right-angled triangle, and 'c' is the length of the hypotenuse. ",8.53,2024-08-28 12:52:57
youtube owner name,Google LLC owns YouTube. ,7.03,2024-08-28 12:53:36
show me a top 5 footballers in 2024,"Based on the list from Radio Times, the top 5 footballers in 2024 are: 1. Lionel Messi 2. Cristiano Ronaldo 3. Neymar Jr. 4. Kylian Mbappé 5. Robert Lewandowski ",18.09,2024-08-28 12:54:28
top 10,Listverse: Top 10 Lists ,8.3,2024-08-28 12:54:56
langchain simple chatbot code,Agent stopped due to iteration limit or time limit. ,53.29,2024-08-28 12:56:33
who is the best t20 player in the world,The best T20 player in the world is currently ranked number 1 in the ICC Men's T20I Bowling Rankings. ,10.02,2024-08-28 12:57:35
who is the best t20 player in the world show the player name in batting,The best T20 batsman in the world is Babar Azam ,10.85,2024-08-28 12:58:20
which stock is best for long turm,Apple Inc. is considered one of the best stocks for long-term investment. ,11.14,2024-08-28 12:59:38
Apple Inc current stock proce,The current stock price of Apple Inc is $134.75. ,20.28,2024-08-28 13:00:31
Apple Inc current stock price in indian rup,"The current stock price of Apple Inc in Indian Rupees (INR) is â‚¹1,34,500.00. ",6.07,2024-08-28 13:06:33
